source,target,relation,subject,weight
N00909,N00702,BELONGS_TO,数据结构,1.0
N00791,N00702,BELONGS_TO,数据结构,1.0
N00778,N00702,BELONGS_TO,数据结构,1.0
N01038,N00665,BELONGS_TO,操作系统,1.0
N00310,N00665,BELONGS_TO,操作系统,1.0
N00707,N00665,BELONGS_TO,操作系统,1.0
N00518,N00976,BELONGS_TO,计算机网络,1.0
N00287,N00976,BELONGS_TO,计算机网络,1.0
N00933,N00976,BELONGS_TO,计算机网络,1.0
N00634,N00975,BELONGS_TO,计算机组成原理,1.0
N00456,N00975,BELONGS_TO,计算机组成原理,1.0
N00804,N00975,BELONGS_TO,计算机组成原理,1.0
N00909,N01100,HAS_SUB,数据结构,0.95
N00909,N01063,HAS_SUB,数据结构,0.95
N00782,N00371,HAS_PROPERTY,数据结构,0.9
N01072,N00300,HAS_PROPERTY,数据结构,0.9
N00260,N00853,HAS_SUB,数据结构,0.95
N00260,N00460,HAS_SUB,数据结构,0.95
N00498,N00729,HAS_METHOD,数据结构,0.92
N00900,N00001,EQUIVALENT,数据结构,0.82
N00374,N00666,PREREQUISITE,数据结构,0.88
N00559,N00137,HAS_COMPLEXITY,数据结构,0.9
N00419,N00460,PREREQUISITE,数据结构,0.88
N00392,N00835,HAS_METHOD,数据结构,0.92
N00392,N00509,HAS_METHOD,数据结构,0.92
N00759,N00148,HAS_METHOD,数据结构,0.92
N00759,N00119,HAS_METHOD,数据结构,0.92
N01022,N00913,EQUIVALENT,操作系统,0.82
N01026,N00277,HAS_METHOD,操作系统,0.92
N01026,N00291,HAS_METHOD,操作系统,0.92
N00795,N00269,PREREQUISITE,操作系统,0.88
N00795,N00995,PREREQUISITE,操作系统,0.88
N00795,N00240,PREREQUISITE,操作系统,0.88
N00795,N00532,PREREQUISITE,操作系统,0.88
N00946,N01082,PREREQUISITE,操作系统,0.88
N01091,N00128,HAS_METHOD,操作系统,0.92
N01091,N00056,HAS_METHOD,操作系统,0.92
N00871,N00166,HAS_METHOD,操作系统,0.92
N00871,N00184,HAS_METHOD,操作系统,0.92
N00707,N00891,HAS_METHOD,操作系统,0.92
N00882,N00314,CAUSE,操作系统,0.85
N00249,N00230,CAUSE,操作系统,0.85
N00138,N00518,HAS_SUB,计算机网络,0.95
N00138,N00287,HAS_SUB,计算机网络,0.95
N00138,N00933,HAS_SUB,计算机网络,0.95
N00193,N00221,USED_IN,计算机网络,0.84
N00193,N00383,USED_IN,计算机网络,0.84
N00193,N00844,USED_IN,计算机网络,0.84
N00202,N00193,EQUIVALENT,计算机网络,0.82
N00092,N00093,HAS_SUB,计算机网络,0.95
N00092,N00102,HAS_SUB,计算机网络,0.95
N01004,N00157,HAS_METHOD,计算机网络,0.92
N01004,N00139,HAS_METHOD,计算机网络,0.92
N00074,N00193,USED_IN,计算机网络,0.84
N00038,N00202,USED_IN,计算机网络,0.84
N00604,N00586,HAS_SUB,计算机网络,0.95
N00604,N00613,HAS_SUB,计算机网络,0.95
N00974,N01013,HAS_SUB,计算机组成原理,0.95
N00974,N00647,HAS_SUB,计算机组成原理,0.95
N00456,N00020,HAS_SUB,计算机组成原理,0.95
N00456,N00251,HAS_SUB,计算机组成原理,0.95
N00020,N00488,HAS_METHOD,计算机组成原理,0.92
N00624,N00361,HAS_SUB,计算机组成原理,0.95
N00624,N00595,HAS_SUB,计算机组成原理,0.95
N00804,N00638,PREREQUISITE,计算机组成原理,0.88
N00805,N00693,HAS_SUB,计算机组成原理,0.95
N00805,N00656,HAS_SUB,计算机组成原理,0.95
N00568,N00401,HAS_SUB,计算机组成原理,0.95
N00568,N00684,HAS_SUB,计算机组成原理,0.95
N00250,N00029,EQUIVALENT,计算机组成原理,0.82
N00955,N00777,USED_IN,计算机组成原理,0.84
N00826,N00083,HAS_METHOD,计算机组成原理,0.92
N00047,N01004,USED_IN,数据结构|计算机网络,0.84
N00508,N00291,PREREQUISITE,操作系统|数据结构,0.88
N00931,N00572,PREREQUISITE,计算机组成原理|操作系统,0.88
N00446,N00882,PREREQUISITE,计算机网络|操作系统,0.88
N00010,N00715,USED_IN,数据结构|操作系统,0.84
N00909,N00782,HAS_SUB,数据结构,0.95
N00909,N01072,HAS_SUB,数据结构,0.95
N00909,N00541,HAS_SUB,数据结构,0.95
N00909,N00437,HAS_SUB,数据结构,0.95
N00909,N00479,HAS_SUB,数据结构,0.95
N00909,N01109,HAS_SUB,数据结构,0.95
N00909,N00300,HAS_SUB,数据结构,0.95
N00909,N00371,HAS_SUB,数据结构,0.95
N00791,N00260,HAS_SUB,数据结构,0.95
N00791,N00498,HAS_SUB,数据结构,0.95
N00791,N00900,HAS_SUB,数据结构,0.95
N00791,N00392,HAS_SUB,数据结构,0.95
N00791,N00759,HAS_SUB,数据结构,0.95
N00791,N00768,HAS_SUB,数据结构,0.95
N00791,N00835,HAS_SUB,数据结构,0.95
N00791,N00509,HAS_SUB,数据结构,0.95
N00791,N00148,HAS_SUB,数据结构,0.95
N00791,N00119,HAS_SUB,数据结构,0.95
N00791,N00047,HAS_SUB,数据结构,0.95
N00791,N01053,HAS_SUB,数据结构,0.95
N00791,N00739,HAS_SUB,数据结构,0.95
N00778,N00374,HAS_SUB,数据结构,0.95
N00778,N00559,HAS_SUB,数据结构,0.95
N00778,N00523,HAS_SUB,数据结构,0.95
N00778,N00419,HAS_SUB,数据结构,0.95
N00778,N00350,HAS_SUB,数据结构,0.95
N00778,N00428,HAS_SUB,数据结构,0.95
N00778,N00674,HAS_SUB,数据结构,0.95
N00778,N00880,HAS_SUB,数据结构,0.95
N00778,N00749,HAS_SUB,数据结构,0.95
N01038,N01022,HAS_SUB,操作系统,0.95
N01038,N00913,HAS_SUB,操作系统,0.95
N01038,N01026,HAS_SUB,操作系统,0.95
N01038,N01043,HAS_SUB,操作系统,0.95
N01038,N00795,HAS_SUB,操作系统,0.95
N01038,N00277,HAS_SUB,操作系统,0.95
N01038,N00291,HAS_SUB,操作系统,0.95
N01038,N01054,HAS_SUB,操作系统,0.95
N01038,N00235,HAS_SUB,操作系统,0.95
N01038,N00507,HAS_SUB,操作系统,0.95
N00310,N00946,HAS_SUB,操作系统,0.95
N00310,N01082,HAS_SUB,操作系统,0.95
N00310,N01091,HAS_SUB,操作系统,0.95
N00310,N00301,HAS_SUB,操作系统,0.95
N00310,N00128,HAS_SUB,操作系统,0.95
N00310,N00056,HAS_SUB,操作系统,0.95
N00310,N00740,HAS_SUB,操作系统,0.95
N00310,N00488,HAS_SUB,操作系统,0.95
N00310,N00932,HAS_SUB,操作系统,0.95
N00707,N00707,HAS_SUB,操作系统,0.95
N00707,N00862,HAS_SUB,操作系统,0.95
N00707,N00871,HAS_SUB,操作系统,0.95
N00707,N00211,HAS_SUB,操作系统,0.95
N00707,N00891,HAS_SUB,操作系统,0.95
N00707,N00166,HAS_SUB,操作系统,0.95
N00707,N00184,HAS_SUB,操作系统,0.95
N00707,N00220,HAS_SUB,操作系统,0.95
N00707,N00622,HAS_SUB,操作系统,0.95
N00518,N00074,HAS_SUB,计算机网络,0.95
N00518,N00038,HAS_SUB,计算机网络,0.95
N00518,N00175,HAS_SUB,计算机网络,0.95
N00518,N00065,HAS_SUB,计算机网络,0.95
N00518,N00410,HAS_SUB,计算机网络,0.95
N00518,N00986,HAS_SUB,计算机网络,0.95
N00518,N00738,HAS_SUB,计算机网络,0.95
N00518,N00520,HAS_SUB,计算机网络,0.95
N00287,N00193,HAS_SUB,计算机网络,0.95
N00287,N00202,HAS_SUB,计算机网络,0.95
N00287,N00604,HAS_SUB,计算机网络,0.95
N00287,N00817,HAS_SUB,计算机网络,0.95
N00287,N00221,HAS_SUB,计算机网络,0.95
N00287,N00383,HAS_SUB,计算机网络,0.95
N00287,N00844,HAS_SUB,计算机网络,0.95
N00287,N00586,HAS_SUB,计算机网络,0.95
N00287,N00370,HAS_SUB,计算机网络,0.95
N00287,N01081,HAS_SUB,计算机网络,0.95
N00933,N00092,HAS_SUB,计算机网络,0.95
N00933,N00093,HAS_SUB,计算机网络,0.95
N00933,N00102,HAS_SUB,计算机网络,0.95
N00933,N01004,HAS_SUB,计算机网络,0.95
N00933,N00157,HAS_SUB,计算机网络,0.95
N00933,N00139,HAS_SUB,计算机网络,0.95
N00933,N00011,HAS_SUB,计算机网络,0.95
N00933,N00359,HAS_SUB,计算机网络,0.95
N00933,N00469,HAS_SUB,计算机网络,0.95
N00703,N00975,BELONGS_TO,计算机组成原理,1.0
N00703,N00955,HAS_SUB,计算机组成原理,0.95
N00703,N00826,HAS_SUB,计算机组成原理,0.95
N00703,N00083,HAS_SUB,计算机组成原理,0.95
N00703,N00447,HAS_SUB,计算机组成原理,0.95
N00703,N00965,HAS_SUB,计算机组成原理,0.95
N00703,N00937,HAS_SUB,计算机组成原理,0.95
N00703,N00964,HAS_SUB,计算机组成原理,0.95
N00703,N00881,HAS_SUB,计算机组成原理,0.95
N00634,N00624,HAS_SUB,计算机组成原理,0.95
N00634,N00470,HAS_SUB,计算机组成原理,0.95
N00634,N00647,HAS_SUB,计算机组成原理,0.95
N00634,N00550,HAS_SUB,计算机组成原理,0.95
N00634,N00361,HAS_SUB,计算机组成原理,0.95
N00634,N00977,HAS_SUB,计算机组成原理,0.95
N00634,N00595,HAS_SUB,计算机组成原理,0.95
N00634,N00633,HAS_SUB,计算机组成原理,0.95
N00634,N00623,HAS_SUB,计算机组成原理,0.95
N00456,N00568,HAS_SUB,计算机组成原理,0.95
N00456,N00029,HAS_SUB,计算机组成原理,0.95
N00456,N00323,HAS_SUB,计算机组成原理,0.95
N00456,N00332,HAS_SUB,计算机组成原理,0.95
N00456,N01118,HAS_SUB,计算机组成原理,0.95
N00456,N00373,HAS_SUB,计算机组成原理,0.95
N00456,N00497,HAS_SUB,计算机组成原理,0.95
N00804,N00805,HAS_SUB,计算机组成原理,0.95
N00804,N00922,HAS_SUB,计算机组成原理,0.95
N00804,N00693,HAS_SUB,计算机组成原理,0.95
N00804,N00656,HAS_SUB,计算机组成原理,0.95
N00804,N00720,HAS_SUB,计算机组成原理,0.95
N00804,N00341,HAS_SUB,计算机组成原理,0.95
N00804,N00750,HAS_SUB,计算机组成原理,0.95
N00804,N00372,HAS_SUB,计算机组成原理,0.95
N00804,N00360,HAS_SUB,计算机组成原理,0.95
N00001,N00007,HAS_PROPERTY,数据结构,0.9
N00001,N00004,HAS_PROPERTY,数据结构,0.9
N00001,N00008,USED_IN,数据结构,0.84
N00008,N00003,VERIFIED_BY,数据结构,0.78
N00001,N00009,MEASURED_BY,数据结构,0.78
N00001,N00006,HAS_PROPERTY,数据结构,0.9
N00001,N00005,APPLIES_TO,数据结构,0.79
N00001,N00002,OPTIMIZED_BY,数据结构,0.8
N00011,N00017,HAS_PROPERTY,计算机网络,0.9
N00011,N00014,HAS_PROPERTY,计算机网络,0.9
N00011,N00018,USED_IN,计算机网络,0.84
N00018,N00013,VERIFIED_BY,计算机网络,0.78
N00011,N00019,MEASURED_BY,计算机网络,0.78
N00011,N00016,HAS_PROPERTY,计算机网络,0.9
N00011,N00015,APPLIES_TO,计算机网络,0.79
N00011,N00012,OPTIMIZED_BY,计算机网络,0.8
N00020,N00026,HAS_PROPERTY,计算机组成原理,0.9
N00020,N00023,HAS_PROPERTY,计算机组成原理,0.9
N00020,N00027,USED_IN,计算机组成原理,0.84
N00027,N00022,VERIFIED_BY,计算机组成原理,0.78
N00020,N00028,MEASURED_BY,计算机组成原理,0.78
N00020,N00025,HAS_PROPERTY,计算机组成原理,0.9
N00020,N00024,APPLIES_TO,计算机组成原理,0.79
N00020,N00021,OPTIMIZED_BY,计算机组成原理,0.8
N00029,N00035,HAS_PROPERTY,计算机组成原理,0.9
N00029,N00032,HAS_PROPERTY,计算机组成原理,0.9
N00029,N00036,USED_IN,计算机组成原理,0.84
N00036,N00031,VERIFIED_BY,计算机组成原理,0.78
N00029,N00037,MEASURED_BY,计算机组成原理,0.78
N00029,N00034,HAS_PROPERTY,计算机组成原理,0.9
N00029,N00033,APPLIES_TO,计算机组成原理,0.79
N00029,N00030,OPTIMIZED_BY,计算机组成原理,0.8
N00038,N00044,HAS_PROPERTY,计算机网络,0.9
N00038,N00041,HAS_PROPERTY,计算机网络,0.9
N00038,N00045,USED_IN,计算机网络,0.84
N00045,N00040,VERIFIED_BY,计算机网络,0.78
N00038,N00046,MEASURED_BY,计算机网络,0.78
N00038,N00043,HAS_PROPERTY,计算机网络,0.9
N00038,N00042,APPLIES_TO,计算机网络,0.79
N00038,N00039,OPTIMIZED_BY,计算机网络,0.8
N00047,N00053,HAS_PROPERTY,数据结构,0.9
N00047,N00050,HAS_PROPERTY,数据结构,0.9
N00047,N00054,USED_IN,数据结构,0.84
N00054,N00049,VERIFIED_BY,数据结构,0.78
N00047,N00055,MEASURED_BY,数据结构,0.78
N00047,N00052,HAS_PROPERTY,数据结构,0.9
N00047,N00051,APPLIES_TO,数据结构,0.79
N00047,N00048,OPTIMIZED_BY,数据结构,0.8
N00056,N00062,HAS_PROPERTY,操作系统,0.9
N00056,N00059,HAS_PROPERTY,操作系统,0.9
N00056,N00063,USED_IN,操作系统,0.84
N00063,N00058,VERIFIED_BY,操作系统,0.78
N00056,N00064,MEASURED_BY,操作系统,0.78
N00056,N00061,HAS_PROPERTY,操作系统,0.9
N00056,N00060,APPLIES_TO,操作系统,0.79
N00056,N00057,OPTIMIZED_BY,操作系统,0.8
N00065,N00071,HAS_PROPERTY,计算机网络,0.9
N00065,N00068,HAS_PROPERTY,计算机网络,0.9
N00065,N00072,USED_IN,计算机网络,0.84
N00072,N00067,VERIFIED_BY,计算机网络,0.78
N00065,N00073,MEASURED_BY,计算机网络,0.78
N00065,N00070,HAS_PROPERTY,计算机网络,0.9
N00065,N00069,APPLIES_TO,计算机网络,0.79
N00065,N00066,OPTIMIZED_BY,计算机网络,0.8
N00074,N00080,HAS_PROPERTY,计算机网络,0.9
N00074,N00077,HAS_PROPERTY,计算机网络,0.9
N00074,N00081,USED_IN,计算机网络,0.84
N00081,N00076,VERIFIED_BY,计算机网络,0.78
N00074,N00082,MEASURED_BY,计算机网络,0.78
N00074,N00079,HAS_PROPERTY,计算机网络,0.9
N00074,N00078,APPLIES_TO,计算机网络,0.79
N00074,N00075,OPTIMIZED_BY,计算机网络,0.8
N00083,N00089,HAS_PROPERTY,计算机组成原理,0.9
N00083,N00086,HAS_PROPERTY,计算机组成原理,0.9
N00083,N00090,USED_IN,计算机组成原理,0.84
N00090,N00085,VERIFIED_BY,计算机组成原理,0.78
N00083,N00091,MEASURED_BY,计算机组成原理,0.78
N00083,N00088,HAS_PROPERTY,计算机组成原理,0.9
N00083,N00087,APPLIES_TO,计算机组成原理,0.79
N00083,N00084,OPTIMIZED_BY,计算机组成原理,0.8
N00092,N00116,HAS_PROPERTY,计算机网络,0.9
N00092,N00113,HAS_PROPERTY,计算机网络,0.9
N00092,N00117,USED_IN,计算机网络,0.84
N00117,N00112,VERIFIED_BY,计算机网络,0.78
N00092,N00118,MEASURED_BY,计算机网络,0.78
N00092,N00115,HAS_PROPERTY,计算机网络,0.9
N00092,N00114,APPLIES_TO,计算机网络,0.79
N00092,N00111,OPTIMIZED_BY,计算机网络,0.8
N00093,N00099,HAS_PROPERTY,计算机网络,0.9
N00093,N00096,HAS_PROPERTY,计算机网络,0.9
N00093,N00100,USED_IN,计算机网络,0.84
N00100,N00095,VERIFIED_BY,计算机网络,0.78
N00093,N00101,MEASURED_BY,计算机网络,0.78
N00093,N00098,HAS_PROPERTY,计算机网络,0.9
N00093,N00097,APPLIES_TO,计算机网络,0.79
N00093,N00094,OPTIMIZED_BY,计算机网络,0.8
N00102,N00108,HAS_PROPERTY,计算机网络,0.9
N00102,N00105,HAS_PROPERTY,计算机网络,0.9
N00102,N00109,USED_IN,计算机网络,0.84
N00109,N00104,VERIFIED_BY,计算机网络,0.78
N00102,N00110,MEASURED_BY,计算机网络,0.78
N00102,N00107,HAS_PROPERTY,计算机网络,0.9
N00102,N00106,APPLIES_TO,计算机网络,0.79
N00102,N00103,OPTIMIZED_BY,计算机网络,0.8
N00119,N00125,HAS_PROPERTY,数据结构,0.9
N00119,N00122,HAS_PROPERTY,数据结构,0.9
N00119,N00126,USED_IN,数据结构,0.84
N00126,N00121,VERIFIED_BY,数据结构,0.78
N00119,N00127,MEASURED_BY,数据结构,0.78
N00119,N00124,HAS_PROPERTY,数据结构,0.9
N00119,N00123,APPLIES_TO,数据结构,0.79
N00119,N00120,OPTIMIZED_BY,数据结构,0.8
N00128,N00134,HAS_PROPERTY,操作系统,0.9
N00128,N00131,HAS_PROPERTY,操作系统,0.9
N00128,N00135,USED_IN,操作系统,0.84
N00135,N00130,VERIFIED_BY,操作系统,0.78
N00128,N00136,MEASURED_BY,操作系统,0.78
N00128,N00133,HAS_PROPERTY,操作系统,0.9
N00128,N00132,APPLIES_TO,操作系统,0.79
N00128,N00129,OPTIMIZED_BY,操作系统,0.8
N00139,N00145,HAS_PROPERTY,计算机网络,0.9
N00139,N00142,HAS_PROPERTY,计算机网络,0.9
N00139,N00146,USED_IN,计算机网络,0.84
N00146,N00141,VERIFIED_BY,计算机网络,0.78
N00139,N00147,MEASURED_BY,计算机网络,0.78
N00139,N00144,HAS_PROPERTY,计算机网络,0.9
N00139,N00143,APPLIES_TO,计算机网络,0.79
N00139,N00140,OPTIMIZED_BY,计算机网络,0.8
N00148,N00154,HAS_PROPERTY,数据结构,0.9
N00148,N00151,HAS_PROPERTY,数据结构,0.9
N00148,N00155,USED_IN,数据结构,0.84
N00155,N00150,VERIFIED_BY,数据结构,0.78
N00148,N00156,MEASURED_BY,数据结构,0.78
N00148,N00153,HAS_PROPERTY,数据结构,0.9
N00148,N00152,APPLIES_TO,数据结构,0.79
N00148,N00149,OPTIMIZED_BY,数据结构,0.8
N00157,N00163,HAS_PROPERTY,计算机网络,0.9
N00157,N00160,HAS_PROPERTY,计算机网络,0.9
N00157,N00164,USED_IN,计算机网络,0.84
N00164,N00159,VERIFIED_BY,计算机网络,0.78
N00157,N00165,MEASURED_BY,计算机网络,0.78
N00157,N00162,HAS_PROPERTY,计算机网络,0.9
N00157,N00161,APPLIES_TO,计算机网络,0.79
N00157,N00158,OPTIMIZED_BY,计算机网络,0.8
N00166,N00172,HAS_PROPERTY,操作系统,0.9
N00166,N00169,HAS_PROPERTY,操作系统,0.9
N00166,N00173,USED_IN,操作系统,0.84
N00173,N00168,VERIFIED_BY,操作系统,0.78
N00166,N00174,MEASURED_BY,操作系统,0.78
N00166,N00171,HAS_PROPERTY,操作系统,0.9
N00166,N00170,APPLIES_TO,操作系统,0.79
N00166,N00167,OPTIMIZED_BY,操作系统,0.8
N00175,N00181,HAS_PROPERTY,计算机网络,0.9
N00175,N00178,HAS_PROPERTY,计算机网络,0.9
N00175,N00182,USED_IN,计算机网络,0.84
N00182,N00177,VERIFIED_BY,计算机网络,0.78
N00175,N00183,MEASURED_BY,计算机网络,0.78
N00175,N00180,HAS_PROPERTY,计算机网络,0.9
N00175,N00179,APPLIES_TO,计算机网络,0.79
N00175,N00176,OPTIMIZED_BY,计算机网络,0.8
N00184,N00190,HAS_PROPERTY,操作系统,0.9
N00184,N00187,HAS_PROPERTY,操作系统,0.9
N00184,N00191,USED_IN,操作系统,0.84
N00191,N00186,VERIFIED_BY,操作系统,0.78
N00184,N00192,MEASURED_BY,操作系统,0.78
N00184,N00189,HAS_PROPERTY,操作系统,0.9
N00184,N00188,APPLIES_TO,操作系统,0.79
N00184,N00185,OPTIMIZED_BY,操作系统,0.8
N00193,N00199,HAS_PROPERTY,计算机网络,0.9
N00193,N00196,HAS_PROPERTY,计算机网络,0.9
N00193,N00200,USED_IN,计算机网络,0.84
N00200,N00195,VERIFIED_BY,计算机网络,0.78
N00193,N00201,MEASURED_BY,计算机网络,0.78
N00193,N00198,HAS_PROPERTY,计算机网络,0.9
N00193,N00197,APPLIES_TO,计算机网络,0.79
N00193,N00194,OPTIMIZED_BY,计算机网络,0.8
N00202,N00208,HAS_PROPERTY,计算机网络,0.9
N00202,N00205,HAS_PROPERTY,计算机网络,0.9
N00202,N00209,USED_IN,计算机网络,0.84
N00209,N00204,VERIFIED_BY,计算机网络,0.78
N00202,N00210,MEASURED_BY,计算机网络,0.78
N00202,N00207,HAS_PROPERTY,计算机网络,0.9
N00202,N00206,APPLIES_TO,计算机网络,0.79
N00202,N00203,OPTIMIZED_BY,计算机网络,0.8
N00211,N00217,HAS_PROPERTY,操作系统,0.9
N00211,N00214,HAS_PROPERTY,操作系统,0.9
N00211,N00218,USED_IN,操作系统,0.84
N00218,N00213,VERIFIED_BY,操作系统,0.78
N00211,N00219,MEASURED_BY,操作系统,0.78
N00211,N00216,HAS_PROPERTY,操作系统,0.9
N00211,N00215,APPLIES_TO,操作系统,0.79
N00211,N00212,OPTIMIZED_BY,操作系统,0.8
N00221,N00227,HAS_PROPERTY,计算机网络,0.9
N00221,N00224,HAS_PROPERTY,计算机网络,0.9
N00221,N00228,USED_IN,计算机网络,0.84
N00228,N00223,VERIFIED_BY,计算机网络,0.78
N00221,N00229,MEASURED_BY,计算机网络,0.78
N00221,N00226,HAS_PROPERTY,计算机网络,0.9
N00221,N00225,APPLIES_TO,计算机网络,0.79
N00221,N00222,OPTIMIZED_BY,计算机网络,0.8
N00230,N00237,HAS_PROPERTY,操作系统,0.9
N00230,N00233,HAS_PROPERTY,操作系统,0.9
N00230,N00238,USED_IN,操作系统,0.84
N00238,N00232,VERIFIED_BY,操作系统,0.78
N00230,N00239,MEASURED_BY,操作系统,0.78
N00230,N00236,HAS_PROPERTY,操作系统,0.9
N00230,N00234,APPLIES_TO,操作系统,0.79
N00230,N00231,OPTIMIZED_BY,操作系统,0.8
N00240,N00246,HAS_PROPERTY,操作系统,0.9
N00240,N00243,HAS_PROPERTY,操作系统,0.9
N00240,N00247,USED_IN,操作系统,0.84
N00247,N00242,VERIFIED_BY,操作系统,0.78
N00240,N00248,MEASURED_BY,操作系统,0.78
N00240,N00245,HAS_PROPERTY,操作系统,0.9
N00240,N00244,APPLIES_TO,操作系统,0.79
N00240,N00241,OPTIMIZED_BY,操作系统,0.8
N00251,N00257,HAS_PROPERTY,计算机组成原理,0.9
N00251,N00254,HAS_PROPERTY,计算机组成原理,0.9
N00251,N00258,USED_IN,计算机组成原理,0.84
N00258,N00253,VERIFIED_BY,计算机组成原理,0.78
N00251,N00259,MEASURED_BY,计算机组成原理,0.78
N00251,N00256,HAS_PROPERTY,计算机组成原理,0.9
N00251,N00255,APPLIES_TO,计算机组成原理,0.79
N00251,N00252,OPTIMIZED_BY,计算机组成原理,0.8
N00260,N00266,HAS_PROPERTY,数据结构,0.9
N00260,N00263,HAS_PROPERTY,数据结构,0.9
N00260,N00267,USED_IN,数据结构,0.84
N00267,N00262,VERIFIED_BY,数据结构,0.78
N00260,N00268,MEASURED_BY,数据结构,0.78
N00260,N00265,HAS_PROPERTY,数据结构,0.9
N00260,N00264,APPLIES_TO,数据结构,0.79
N00260,N00261,OPTIMIZED_BY,数据结构,0.8
N00269,N00275,HAS_PROPERTY,操作系统,0.9
N00269,N00272,HAS_PROPERTY,操作系统,0.9
N00269,N00276,USED_IN,操作系统,0.84
N00276,N00271,VERIFIED_BY,操作系统,0.78
N00269,N00286,MEASURED_BY,操作系统,0.78
N00269,N00274,HAS_PROPERTY,操作系统,0.9
N00269,N00273,APPLIES_TO,操作系统,0.79
N00269,N00270,OPTIMIZED_BY,操作系统,0.8
N00277,N00283,HAS_PROPERTY,操作系统,0.9
N00277,N00280,HAS_PROPERTY,操作系统,0.9
N00277,N00284,USED_IN,操作系统,0.84
N00284,N00279,VERIFIED_BY,操作系统,0.78
N00277,N00285,MEASURED_BY,操作系统,0.78
N00277,N00282,HAS_PROPERTY,操作系统,0.9
N00277,N00281,APPLIES_TO,操作系统,0.79
N00277,N00278,OPTIMIZED_BY,操作系统,0.8
N00291,N00297,HAS_PROPERTY,操作系统,0.9
N00291,N00294,HAS_PROPERTY,操作系统,0.9
N00291,N00298,USED_IN,操作系统,0.84
N00298,N00293,VERIFIED_BY,操作系统,0.78
N00291,N00299,MEASURED_BY,操作系统,0.78
N00291,N00296,HAS_PROPERTY,操作系统,0.9
N00291,N00295,APPLIES_TO,操作系统,0.79
N00291,N00292,OPTIMIZED_BY,操作系统,0.8
N00301,N00307,HAS_PROPERTY,操作系统,0.9
N00301,N00304,HAS_PROPERTY,操作系统,0.9
N00301,N00308,USED_IN,操作系统,0.84
N00308,N00303,VERIFIED_BY,操作系统,0.78
N00301,N00309,MEASURED_BY,操作系统,0.78
N00301,N00306,HAS_PROPERTY,操作系统,0.9
N00301,N00305,APPLIES_TO,操作系统,0.79
N00301,N00302,OPTIMIZED_BY,操作系统,0.8
N00314,N00320,HAS_PROPERTY,操作系统,0.9
N00314,N00317,HAS_PROPERTY,操作系统,0.9
N00314,N00321,USED_IN,操作系统,0.84
N00321,N00316,VERIFIED_BY,操作系统,0.78
N00314,N00322,MEASURED_BY,操作系统,0.78
N00314,N00319,HAS_PROPERTY,操作系统,0.9
N00314,N00318,APPLIES_TO,操作系统,0.79
N00314,N00315,OPTIMIZED_BY,操作系统,0.8
N00323,N00329,HAS_PROPERTY,计算机组成原理,0.9
N00323,N00326,HAS_PROPERTY,计算机组成原理,0.9
N00323,N00330,USED_IN,计算机组成原理,0.84
N00330,N00325,VERIFIED_BY,计算机组成原理,0.78
N00323,N00331,MEASURED_BY,计算机组成原理,0.78
N00323,N00328,HAS_PROPERTY,计算机组成原理,0.9
N00323,N00327,APPLIES_TO,计算机组成原理,0.79
N00323,N00324,OPTIMIZED_BY,计算机组成原理,0.8
N00332,N00338,HAS_PROPERTY,计算机组成原理,0.9
N00332,N00335,HAS_PROPERTY,计算机组成原理,0.9
N00332,N00339,USED_IN,计算机组成原理,0.84
N00339,N00334,VERIFIED_BY,计算机组成原理,0.78
N00332,N00340,MEASURED_BY,计算机组成原理,0.78
N00332,N00337,HAS_PROPERTY,计算机组成原理,0.9
N00332,N00336,APPLIES_TO,计算机组成原理,0.79
N00332,N00333,OPTIMIZED_BY,计算机组成原理,0.8
N00341,N00347,HAS_PROPERTY,计算机组成原理,0.9
N00341,N00344,HAS_PROPERTY,计算机组成原理,0.9
N00341,N00348,USED_IN,计算机组成原理,0.84
N00348,N00343,VERIFIED_BY,计算机组成原理,0.78
N00341,N00349,MEASURED_BY,计算机组成原理,0.78
N00341,N00346,HAS_PROPERTY,计算机组成原理,0.9
N00341,N00345,APPLIES_TO,计算机组成原理,0.79
N00341,N00342,OPTIMIZED_BY,计算机组成原理,0.8
N00350,N00356,HAS_PROPERTY,数据结构,0.9
N00350,N00353,HAS_PROPERTY,数据结构,0.9
N00350,N00357,USED_IN,数据结构,0.84
N00357,N00352,VERIFIED_BY,数据结构,0.78
N00350,N00358,MEASURED_BY,数据结构,0.78
N00350,N00355,HAS_PROPERTY,数据结构,0.9
N00350,N00354,APPLIES_TO,数据结构,0.79
N00350,N00351,OPTIMIZED_BY,数据结构,0.8
N00361,N00367,HAS_PROPERTY,计算机组成原理,0.9
N00361,N00364,HAS_PROPERTY,计算机组成原理,0.9
N00361,N00368,USED_IN,计算机组成原理,0.84
N00368,N00363,VERIFIED_BY,计算机组成原理,0.78
N00361,N00369,MEASURED_BY,计算机组成原理,0.78
N00361,N00366,HAS_PROPERTY,计算机组成原理,0.9
N00361,N00365,APPLIES_TO,计算机组成原理,0.79
N00361,N00362,OPTIMIZED_BY,计算机组成原理,0.8
N00374,N00380,HAS_PROPERTY,数据结构,0.9
N00374,N00377,HAS_PROPERTY,数据结构,0.9
N00374,N00381,USED_IN,数据结构,0.84
N00381,N00376,VERIFIED_BY,数据结构,0.78
N00374,N00382,MEASURED_BY,数据结构,0.78
N00374,N00379,HAS_PROPERTY,数据结构,0.9
N00374,N00378,APPLIES_TO,数据结构,0.79
N00374,N00375,OPTIMIZED_BY,数据结构,0.8
N00383,N00389,HAS_PROPERTY,计算机网络,0.9
N00383,N00386,HAS_PROPERTY,计算机网络,0.9
N00383,N00390,USED_IN,计算机网络,0.84
N00390,N00385,VERIFIED_BY,计算机网络,0.78
N00383,N00391,MEASURED_BY,计算机网络,0.78
N00383,N00388,HAS_PROPERTY,计算机网络,0.9
N00383,N00387,APPLIES_TO,计算机网络,0.79
N00383,N00384,OPTIMIZED_BY,计算机网络,0.8
N00392,N00398,HAS_PROPERTY,数据结构,0.9
N00392,N00395,HAS_PROPERTY,数据结构,0.9
N00392,N00399,USED_IN,数据结构,0.84
N00399,N00394,VERIFIED_BY,数据结构,0.78
N00392,N00400,MEASURED_BY,数据结构,0.78
N00392,N00397,HAS_PROPERTY,数据结构,0.9
N00392,N00396,APPLIES_TO,数据结构,0.79
N00392,N00393,OPTIMIZED_BY,数据结构,0.8
N00401,N00407,HAS_PROPERTY,计算机组成原理,0.9
N00401,N00404,HAS_PROPERTY,计算机组成原理,0.9
N00401,N00408,USED_IN,计算机组成原理,0.84
N00408,N00403,VERIFIED_BY,计算机组成原理,0.78
N00401,N00409,MEASURED_BY,计算机组成原理,0.78
N00401,N00406,HAS_PROPERTY,计算机组成原理,0.9
N00401,N00405,APPLIES_TO,计算机组成原理,0.79
N00401,N00402,OPTIMIZED_BY,计算机组成原理,0.8
N00410,N00416,HAS_PROPERTY,计算机网络,0.9
N00410,N00413,HAS_PROPERTY,计算机网络,0.9
N00410,N00417,USED_IN,计算机网络,0.84
N00417,N00412,VERIFIED_BY,计算机网络,0.78
N00410,N00418,MEASURED_BY,计算机网络,0.78
N00410,N00415,HAS_PROPERTY,计算机网络,0.9
N00410,N00414,APPLIES_TO,计算机网络,0.79
N00410,N00411,OPTIMIZED_BY,计算机网络,0.8
N00419,N00425,HAS_PROPERTY,数据结构,0.9
N00419,N00422,HAS_PROPERTY,数据结构,0.9
N00419,N00426,USED_IN,数据结构,0.84
N00426,N00421,VERIFIED_BY,数据结构,0.78
N00419,N00427,MEASURED_BY,数据结构,0.78
N00419,N00424,HAS_PROPERTY,数据结构,0.9
N00419,N00423,APPLIES_TO,数据结构,0.79
N00419,N00420,OPTIMIZED_BY,数据结构,0.8
N00428,N00434,HAS_PROPERTY,数据结构,0.9
N00428,N00431,HAS_PROPERTY,数据结构,0.9
N00428,N00435,USED_IN,数据结构,0.84
N00435,N00430,VERIFIED_BY,数据结构,0.78
N00428,N00436,MEASURED_BY,数据结构,0.78
N00428,N00433,HAS_PROPERTY,数据结构,0.9
N00428,N00432,APPLIES_TO,数据结构,0.79
N00428,N00429,OPTIMIZED_BY,数据结构,0.8
N00437,N00443,HAS_PROPERTY,数据结构,0.9
N00437,N00440,HAS_PROPERTY,数据结构,0.9
N00437,N00444,USED_IN,数据结构,0.84
N00444,N00439,VERIFIED_BY,数据结构,0.78
N00437,N00445,MEASURED_BY,数据结构,0.78
N00437,N00442,HAS_PROPERTY,数据结构,0.9
N00437,N00441,APPLIES_TO,数据结构,0.79
N00437,N00438,OPTIMIZED_BY,数据结构,0.8
N00447,N00453,HAS_PROPERTY,计算机组成原理,0.9
N00447,N00450,HAS_PROPERTY,计算机组成原理,0.9
N00447,N00454,USED_IN,计算机组成原理,0.84
N00454,N00449,VERIFIED_BY,计算机组成原理,0.78
N00447,N00455,MEASURED_BY,计算机组成原理,0.78
N00447,N00452,HAS_PROPERTY,计算机组成原理,0.9
N00447,N00451,APPLIES_TO,计算机组成原理,0.79
N00447,N00448,OPTIMIZED_BY,计算机组成原理,0.8
N00460,N00466,HAS_PROPERTY,数据结构,0.9
N00460,N00463,HAS_PROPERTY,数据结构,0.9
N00460,N00467,USED_IN,数据结构,0.84
N00467,N00462,VERIFIED_BY,数据结构,0.78
N00460,N00468,MEASURED_BY,数据结构,0.78
N00460,N00465,HAS_PROPERTY,数据结构,0.9
N00460,N00464,APPLIES_TO,数据结构,0.79
N00460,N00461,OPTIMIZED_BY,数据结构,0.8
N00470,N00476,HAS_PROPERTY,计算机组成原理,0.9
N00470,N00473,HAS_PROPERTY,计算机组成原理,0.9
N00470,N00477,USED_IN,计算机组成原理,0.84
N00477,N00472,VERIFIED_BY,计算机组成原理,0.78
N00470,N00478,MEASURED_BY,计算机组成原理,0.78
N00470,N00475,HAS_PROPERTY,计算机组成原理,0.9
N00470,N00474,APPLIES_TO,计算机组成原理,0.79
N00470,N00471,OPTIMIZED_BY,计算机组成原理,0.8
N00479,N00485,HAS_PROPERTY,数据结构,0.9
N00479,N00482,HAS_PROPERTY,数据结构,0.9
N00479,N00486,USED_IN,数据结构,0.84
N00486,N00481,VERIFIED_BY,数据结构,0.78
N00479,N00487,MEASURED_BY,数据结构,0.78
N00479,N00484,HAS_PROPERTY,数据结构,0.9
N00479,N00483,APPLIES_TO,数据结构,0.79
N00479,N00480,OPTIMIZED_BY,数据结构,0.8
N00488,N00494,HAS_PROPERTY,计算机组成原理,0.9
N00488,N00491,HAS_PROPERTY,计算机组成原理,0.9
N00488,N00495,USED_IN,计算机组成原理,0.84
N00495,N00490,VERIFIED_BY,计算机组成原理,0.78
N00488,N00496,MEASURED_BY,计算机组成原理,0.78
N00488,N00493,HAS_PROPERTY,计算机组成原理,0.9
N00488,N00492,APPLIES_TO,计算机组成原理,0.79
N00488,N00489,OPTIMIZED_BY,计算机组成原理,0.8
N00498,N00504,HAS_PROPERTY,数据结构,0.9
N00498,N00501,HAS_PROPERTY,数据结构,0.9
N00498,N00505,USED_IN,数据结构,0.84
N00505,N00500,VERIFIED_BY,数据结构,0.78
N00498,N00506,MEASURED_BY,数据结构,0.78
N00498,N00503,HAS_PROPERTY,数据结构,0.9
N00498,N00502,APPLIES_TO,数据结构,0.79
N00498,N00499,OPTIMIZED_BY,数据结构,0.8
N00509,N00515,HAS_PROPERTY,数据结构,0.9
N00509,N00512,HAS_PROPERTY,数据结构,0.9
N00509,N00516,USED_IN,数据结构,0.84
N00516,N00511,VERIFIED_BY,数据结构,0.78
N00509,N00517,MEASURED_BY,数据结构,0.78
N00509,N00514,HAS_PROPERTY,数据结构,0.9
N00509,N00513,APPLIES_TO,数据结构,0.79
N00509,N00510,OPTIMIZED_BY,数据结构,0.8
N00523,N00529,HAS_PROPERTY,数据结构,0.9
N00523,N00526,HAS_PROPERTY,数据结构,0.9
N00523,N00530,USED_IN,数据结构,0.84
N00530,N00525,VERIFIED_BY,数据结构,0.78
N00523,N00531,MEASURED_BY,数据结构,0.78
N00523,N00528,HAS_PROPERTY,数据结构,0.9
N00523,N00527,APPLIES_TO,数据结构,0.79
N00523,N00524,OPTIMIZED_BY,数据结构,0.8
N00532,N00538,HAS_PROPERTY,操作系统,0.9
N00532,N00535,HAS_PROPERTY,操作系统,0.9
N00532,N00539,USED_IN,操作系统,0.84
N00539,N00534,VERIFIED_BY,操作系统,0.78
N00532,N00540,MEASURED_BY,操作系统,0.78
N00532,N00537,HAS_PROPERTY,操作系统,0.9
N00532,N00536,APPLIES_TO,操作系统,0.79
N00532,N00533,OPTIMIZED_BY,操作系统,0.8
N00541,N00547,HAS_PROPERTY,数据结构,0.9
N00541,N00544,HAS_PROPERTY,数据结构,0.9
N00541,N00548,USED_IN,数据结构,0.84
N00548,N00543,VERIFIED_BY,数据结构,0.78
N00541,N00549,MEASURED_BY,数据结构,0.78
N00541,N00546,HAS_PROPERTY,数据结构,0.9
N00541,N00545,APPLIES_TO,数据结构,0.79
N00541,N00542,OPTIMIZED_BY,数据结构,0.8
N00550,N00556,HAS_PROPERTY,计算机组成原理,0.9
N00550,N00553,HAS_PROPERTY,计算机组成原理,0.9
N00550,N00557,USED_IN,计算机组成原理,0.84
N00557,N00552,VERIFIED_BY,计算机组成原理,0.78
N00550,N00558,MEASURED_BY,计算机组成原理,0.78
N00550,N00555,HAS_PROPERTY,计算机组成原理,0.9
N00550,N00554,APPLIES_TO,计算机组成原理,0.79
N00550,N00551,OPTIMIZED_BY,计算机组成原理,0.8
N00559,N00565,HAS_PROPERTY,数据结构,0.9
N00559,N00562,HAS_PROPERTY,数据结构,0.9
N00559,N00566,USED_IN,数据结构,0.84
N00566,N00561,VERIFIED_BY,数据结构,0.78
N00559,N00567,MEASURED_BY,数据结构,0.78
N00559,N00564,HAS_PROPERTY,数据结构,0.9
N00559,N00563,APPLIES_TO,数据结构,0.79
N00559,N00560,OPTIMIZED_BY,数据结构,0.8
N00568,N00583,HAS_PROPERTY,计算机组成原理,0.9
N00568,N00571,HAS_PROPERTY,计算机组成原理,0.9
N00568,N00584,USED_IN,计算机组成原理,0.84
N00584,N00570,VERIFIED_BY,计算机组成原理,0.78
N00568,N00585,MEASURED_BY,计算机组成原理,0.78
N00568,N00582,HAS_PROPERTY,计算机组成原理,0.9
N00568,N00581,APPLIES_TO,计算机组成原理,0.79
N00568,N00569,OPTIMIZED_BY,计算机组成原理,0.8
N00572,N00578,HAS_PROPERTY,计算机组成原理|操作系统,0.9
N00572,N00575,HAS_PROPERTY,计算机组成原理|操作系统,0.9
N00572,N00579,USED_IN,计算机组成原理|操作系统,0.84
N00579,N00574,VERIFIED_BY,计算机组成原理|操作系统,0.78
N00572,N00580,MEASURED_BY,计算机组成原理|操作系统,0.78
N00572,N00577,HAS_PROPERTY,计算机组成原理|操作系统,0.9
N00572,N00576,APPLIES_TO,计算机组成原理|操作系统,0.79
N00572,N00573,OPTIMIZED_BY,计算机组成原理|操作系统,0.8
N00586,N00592,HAS_PROPERTY,计算机网络,0.9
N00586,N00589,HAS_PROPERTY,计算机网络,0.9
N00586,N00593,USED_IN,计算机网络,0.84
N00593,N00588,VERIFIED_BY,计算机网络,0.78
N00586,N00594,MEASURED_BY,计算机网络,0.78
N00586,N00591,HAS_PROPERTY,计算机网络,0.9
N00586,N00590,APPLIES_TO,计算机网络,0.79
N00586,N00587,OPTIMIZED_BY,计算机网络,0.8
N00595,N00601,HAS_PROPERTY,计算机组成原理,0.9
N00595,N00598,HAS_PROPERTY,计算机组成原理,0.9
N00595,N00602,USED_IN,计算机组成原理,0.84
N00602,N00597,VERIFIED_BY,计算机组成原理,0.78
N00595,N00603,MEASURED_BY,计算机组成原理,0.78
N00595,N00600,HAS_PROPERTY,计算机组成原理,0.9
N00595,N00599,APPLIES_TO,计算机组成原理,0.79
N00595,N00596,OPTIMIZED_BY,计算机组成原理,0.8
N00604,N00610,HAS_PROPERTY,计算机网络,0.9
N00604,N00607,HAS_PROPERTY,计算机网络,0.9
N00604,N00611,USED_IN,计算机网络,0.84
N00611,N00606,VERIFIED_BY,计算机网络,0.78
N00604,N00612,MEASURED_BY,计算机网络,0.78
N00604,N00609,HAS_PROPERTY,计算机网络,0.9
N00604,N00608,APPLIES_TO,计算机网络,0.79
N00604,N00605,OPTIMIZED_BY,计算机网络,0.8
N00613,N00619,HAS_PROPERTY,计算机网络,0.9
N00613,N00616,HAS_PROPERTY,计算机网络,0.9
N00613,N00620,USED_IN,计算机网络,0.84
N00620,N00615,VERIFIED_BY,计算机网络,0.78
N00613,N00621,MEASURED_BY,计算机网络,0.78
N00613,N00618,HAS_PROPERTY,计算机网络,0.9
N00613,N00617,APPLIES_TO,计算机网络,0.79
N00613,N00614,OPTIMIZED_BY,计算机网络,0.8
N00624,N00630,HAS_PROPERTY,计算机组成原理,0.9
N00624,N00627,HAS_PROPERTY,计算机组成原理,0.9
N00624,N00631,USED_IN,计算机组成原理,0.84
N00631,N00626,VERIFIED_BY,计算机组成原理,0.78
N00624,N00632,MEASURED_BY,计算机组成原理,0.78
N00624,N00629,HAS_PROPERTY,计算机组成原理,0.9
N00624,N00628,APPLIES_TO,计算机组成原理,0.79
N00624,N00625,OPTIMIZED_BY,计算机组成原理,0.8
N00638,N00644,HAS_PROPERTY,计算机组成原理,0.9
N00638,N00641,HAS_PROPERTY,计算机组成原理,0.9
N00638,N00645,USED_IN,计算机组成原理,0.84
N00645,N00640,VERIFIED_BY,计算机组成原理,0.78
N00638,N00646,MEASURED_BY,计算机组成原理,0.78
N00638,N00643,HAS_PROPERTY,计算机组成原理,0.9
N00638,N00642,APPLIES_TO,计算机组成原理,0.79
N00638,N00639,OPTIMIZED_BY,计算机组成原理,0.8
N00647,N00653,HAS_PROPERTY,计算机组成原理,0.9
N00647,N00650,HAS_PROPERTY,计算机组成原理,0.9
N00647,N00654,USED_IN,计算机组成原理,0.84
N00654,N00649,VERIFIED_BY,计算机组成原理,0.78
N00647,N00655,MEASURED_BY,计算机组成原理,0.78
N00647,N00652,HAS_PROPERTY,计算机组成原理,0.9
N00647,N00651,APPLIES_TO,计算机组成原理,0.79
N00647,N00648,OPTIMIZED_BY,计算机组成原理,0.8
N00656,N00662,HAS_PROPERTY,计算机组成原理,0.9
N00656,N00659,HAS_PROPERTY,计算机组成原理,0.9
N00656,N00663,USED_IN,计算机组成原理,0.84
N00663,N00658,VERIFIED_BY,计算机组成原理,0.78
N00656,N00664,MEASURED_BY,计算机组成原理,0.78
N00656,N00661,HAS_PROPERTY,计算机组成原理,0.9
N00656,N00660,APPLIES_TO,计算机组成原理,0.79
N00656,N00657,OPTIMIZED_BY,计算机组成原理,0.8
N00666,N00672,HAS_PROPERTY,数据结构,0.9
N00666,N00669,HAS_PROPERTY,数据结构,0.9
N00666,N00673,USED_IN,数据结构,0.84
N00673,N00668,VERIFIED_BY,数据结构,0.78
N00666,N00683,MEASURED_BY,数据结构,0.78
N00666,N00671,HAS_PROPERTY,数据结构,0.9
N00666,N00670,APPLIES_TO,数据结构,0.79
N00666,N00667,OPTIMIZED_BY,数据结构,0.8
N00674,N00680,HAS_PROPERTY,数据结构,0.9
N00674,N00677,HAS_PROPERTY,数据结构,0.9
N00674,N00681,USED_IN,数据结构,0.84
N00681,N00676,VERIFIED_BY,数据结构,0.78
N00674,N00682,MEASURED_BY,数据结构,0.78
N00674,N00679,HAS_PROPERTY,数据结构,0.9
N00674,N00678,APPLIES_TO,数据结构,0.79
N00674,N00675,OPTIMIZED_BY,数据结构,0.8
N00684,N00690,HAS_PROPERTY,计算机组成原理,0.9
N00684,N00687,HAS_PROPERTY,计算机组成原理,0.9
N00684,N00691,USED_IN,计算机组成原理,0.84
N00691,N00686,VERIFIED_BY,计算机组成原理,0.78
N00684,N00692,MEASURED_BY,计算机组成原理,0.78
N00684,N00689,HAS_PROPERTY,计算机组成原理,0.9
N00684,N00688,APPLIES_TO,计算机组成原理,0.79
N00684,N00685,OPTIMIZED_BY,计算机组成原理,0.8
N00693,N00699,HAS_PROPERTY,计算机组成原理,0.9
N00693,N00696,HAS_PROPERTY,计算机组成原理,0.9
N00693,N00700,USED_IN,计算机组成原理,0.84
N00700,N00695,VERIFIED_BY,计算机组成原理,0.78
N00693,N00701,MEASURED_BY,计算机组成原理,0.78
N00693,N00698,HAS_PROPERTY,计算机组成原理,0.9
N00693,N00697,APPLIES_TO,计算机组成原理,0.79
N00693,N00694,OPTIMIZED_BY,计算机组成原理,0.8
N00707,N00714,HAS_PROPERTY,操作系统,0.9
N00707,N00710,HAS_PROPERTY,操作系统,0.9
N00707,N00716,USED_IN,操作系统,0.84
N00716,N00709,VERIFIED_BY,操作系统,0.78
N00707,N00718,MEASURED_BY,操作系统,0.78
N00707,N00713,HAS_PROPERTY,操作系统,0.9
N00707,N00712,APPLIES_TO,操作系统,0.79
N00707,N00708,OPTIMIZED_BY,操作系统,0.8
N00720,N00726,HAS_PROPERTY,计算机组成原理,0.9
N00720,N00723,HAS_PROPERTY,计算机组成原理,0.9
N00720,N00727,USED_IN,计算机组成原理,0.84
N00727,N00722,VERIFIED_BY,计算机组成原理,0.78
N00720,N00728,MEASURED_BY,计算机组成原理,0.78
N00720,N00725,HAS_PROPERTY,计算机组成原理,0.9
N00720,N00724,APPLIES_TO,计算机组成原理,0.79
N00720,N00721,OPTIMIZED_BY,计算机组成原理,0.8
N00729,N00735,HAS_PROPERTY,数据结构,0.9
N00729,N00732,HAS_PROPERTY,数据结构,0.9
N00729,N00736,USED_IN,数据结构,0.84
N00736,N00731,VERIFIED_BY,数据结构,0.78
N00729,N00737,MEASURED_BY,数据结构,0.78
N00729,N00734,HAS_PROPERTY,数据结构,0.9
N00729,N00733,APPLIES_TO,数据结构,0.79
N00729,N00730,OPTIMIZED_BY,数据结构,0.8
N00740,N00746,HAS_PROPERTY,操作系统,0.9
N00740,N00743,HAS_PROPERTY,操作系统,0.9
N00740,N00747,USED_IN,操作系统,0.84
N00747,N00742,VERIFIED_BY,操作系统,0.78
N00740,N00748,MEASURED_BY,操作系统,0.78
N00740,N00745,HAS_PROPERTY,操作系统,0.9
N00740,N00744,APPLIES_TO,操作系统,0.79
N00740,N00741,OPTIMIZED_BY,操作系统,0.8
N00750,N00756,HAS_PROPERTY,计算机组成原理,0.9
N00750,N00753,HAS_PROPERTY,计算机组成原理,0.9
N00750,N00757,USED_IN,计算机组成原理,0.84
N00757,N00752,VERIFIED_BY,计算机组成原理,0.78
N00750,N00758,MEASURED_BY,计算机组成原理,0.78
N00750,N00755,HAS_PROPERTY,计算机组成原理,0.9
N00750,N00754,APPLIES_TO,计算机组成原理,0.79
N00750,N00751,OPTIMIZED_BY,计算机组成原理,0.8
N00759,N00765,HAS_PROPERTY,数据结构,0.9
N00759,N00762,HAS_PROPERTY,数据结构,0.9
N00759,N00766,USED_IN,数据结构,0.84
N00766,N00761,VERIFIED_BY,数据结构,0.78
N00759,N00767,MEASURED_BY,数据结构,0.78
N00759,N00764,HAS_PROPERTY,数据结构,0.9
N00759,N00763,APPLIES_TO,数据结构,0.79
N00759,N00760,OPTIMIZED_BY,数据结构,0.8
N00768,N00774,HAS_PROPERTY,数据结构,0.9
N00768,N00771,HAS_PROPERTY,数据结构,0.9
N00768,N00775,USED_IN,数据结构,0.84
N00775,N00770,VERIFIED_BY,数据结构,0.78
N00768,N00776,MEASURED_BY,数据结构,0.78
N00768,N00773,HAS_PROPERTY,数据结构,0.9
N00768,N00772,APPLIES_TO,数据结构,0.79
N00768,N00769,OPTIMIZED_BY,数据结构,0.8
N00782,N00788,HAS_PROPERTY,数据结构,0.9
N00782,N00785,HAS_PROPERTY,数据结构,0.9
N00782,N00789,USED_IN,数据结构,0.84
N00789,N00784,VERIFIED_BY,数据结构,0.78
N00782,N00790,MEASURED_BY,数据结构,0.78
N00782,N00787,HAS_PROPERTY,数据结构,0.9
N00782,N00786,APPLIES_TO,数据结构,0.79
N00782,N00783,OPTIMIZED_BY,数据结构,0.8
N00795,N00801,HAS_PROPERTY,操作系统,0.9
N00795,N00798,HAS_PROPERTY,操作系统,0.9
N00795,N00802,USED_IN,操作系统,0.84
N00802,N00797,VERIFIED_BY,操作系统,0.78
N00795,N00803,MEASURED_BY,操作系统,0.78
N00795,N00800,HAS_PROPERTY,操作系统,0.9
N00795,N00799,APPLIES_TO,操作系统,0.79
N00795,N00796,OPTIMIZED_BY,操作系统,0.8
N00805,N00811,HAS_PROPERTY,计算机组成原理,0.9
N00805,N00808,HAS_PROPERTY,计算机组成原理,0.9
N00805,N00812,USED_IN,计算机组成原理,0.84
N00812,N00807,VERIFIED_BY,计算机组成原理,0.78
N00805,N00813,MEASURED_BY,计算机组成原理,0.78
N00805,N00810,HAS_PROPERTY,计算机组成原理,0.9
N00805,N00809,APPLIES_TO,计算机组成原理,0.79
N00805,N00806,OPTIMIZED_BY,计算机组成原理,0.8
N00817,N00823,HAS_PROPERTY,计算机网络,0.9
N00817,N00820,HAS_PROPERTY,计算机网络,0.9
N00817,N00824,USED_IN,计算机网络,0.84
N00824,N00819,VERIFIED_BY,计算机网络,0.78
N00817,N00825,MEASURED_BY,计算机网络,0.78
N00817,N00822,HAS_PROPERTY,计算机网络,0.9
N00817,N00821,APPLIES_TO,计算机网络,0.79
N00817,N00818,OPTIMIZED_BY,计算机网络,0.8
N00826,N00832,HAS_PROPERTY,计算机组成原理,0.9
N00826,N00829,HAS_PROPERTY,计算机组成原理,0.9
N00826,N00833,USED_IN,计算机组成原理,0.84
N00833,N00828,VERIFIED_BY,计算机组成原理,0.78
N00826,N00834,MEASURED_BY,计算机组成原理,0.78
N00826,N00831,HAS_PROPERTY,计算机组成原理,0.9
N00826,N00830,APPLIES_TO,计算机组成原理,0.79
N00826,N00827,OPTIMIZED_BY,计算机组成原理,0.8
N00835,N00841,HAS_PROPERTY,数据结构,0.9
N00835,N00838,HAS_PROPERTY,数据结构,0.9
N00835,N00842,USED_IN,数据结构,0.84
N00842,N00837,VERIFIED_BY,数据结构,0.78
N00835,N00843,MEASURED_BY,数据结构,0.78
N00835,N00840,HAS_PROPERTY,数据结构,0.9
N00835,N00839,APPLIES_TO,数据结构,0.79
N00835,N00836,OPTIMIZED_BY,数据结构,0.8
N00844,N00850,HAS_PROPERTY,计算机网络,0.9
N00844,N00847,HAS_PROPERTY,计算机网络,0.9
N00844,N00851,USED_IN,计算机网络,0.84
N00851,N00846,VERIFIED_BY,计算机网络,0.78
N00844,N00852,MEASURED_BY,计算机网络,0.78
N00844,N00849,HAS_PROPERTY,计算机网络,0.9
N00844,N00848,APPLIES_TO,计算机网络,0.79
N00844,N00845,OPTIMIZED_BY,计算机网络,0.8
N00853,N00859,HAS_PROPERTY,数据结构,0.9
N00853,N00856,HAS_PROPERTY,数据结构,0.9
N00853,N00860,USED_IN,数据结构,0.84
N00860,N00855,VERIFIED_BY,数据结构,0.78
N00853,N00861,MEASURED_BY,数据结构,0.78
N00853,N00858,HAS_PROPERTY,数据结构,0.9
N00853,N00857,APPLIES_TO,数据结构,0.79
N00853,N00854,OPTIMIZED_BY,数据结构,0.8
N00862,N00868,HAS_PROPERTY,操作系统,0.9
N00862,N00865,HAS_PROPERTY,操作系统,0.9
N00862,N00869,USED_IN,操作系统,0.84
N00869,N00864,VERIFIED_BY,操作系统,0.78
N00862,N00870,MEASURED_BY,操作系统,0.78
N00862,N00867,HAS_PROPERTY,操作系统,0.9
N00862,N00866,APPLIES_TO,操作系统,0.79
N00862,N00863,OPTIMIZED_BY,操作系统,0.8
N00871,N00877,HAS_PROPERTY,操作系统,0.9
N00871,N00874,HAS_PROPERTY,操作系统,0.9
N00871,N00878,USED_IN,操作系统,0.84
N00878,N00873,VERIFIED_BY,操作系统,0.78
N00871,N00879,MEASURED_BY,操作系统,0.78
N00871,N00876,HAS_PROPERTY,操作系统,0.9
N00871,N00875,APPLIES_TO,操作系统,0.79
N00871,N00872,OPTIMIZED_BY,操作系统,0.8
N00882,N00888,HAS_PROPERTY,计算机网络|操作系统,0.9
N00882,N00885,HAS_PROPERTY,计算机网络|操作系统,0.9
N00882,N00889,USED_IN,计算机网络|操作系统,0.84
N00889,N00884,VERIFIED_BY,计算机网络|操作系统,0.78
N00882,N00890,MEASURED_BY,计算机网络|操作系统,0.78
N00882,N00887,HAS_PROPERTY,计算机网络|操作系统,0.9
N00882,N00886,APPLIES_TO,计算机网络|操作系统,0.79
N00882,N00883,OPTIMIZED_BY,计算机网络|操作系统,0.8
N00891,N00897,HAS_PROPERTY,操作系统,0.9
N00891,N00894,HAS_PROPERTY,操作系统,0.9
N00891,N00898,USED_IN,操作系统,0.84
N00898,N00893,VERIFIED_BY,操作系统,0.78
N00891,N00899,MEASURED_BY,操作系统,0.78
N00891,N00896,HAS_PROPERTY,操作系统,0.9
N00891,N00895,APPLIES_TO,操作系统,0.79
N00891,N00892,OPTIMIZED_BY,操作系统,0.8
N00900,N00906,HAS_PROPERTY,数据结构,0.9
N00900,N00903,HAS_PROPERTY,数据结构,0.9
N00900,N00907,USED_IN,数据结构,0.84
N00907,N00902,VERIFIED_BY,数据结构,0.78
N00900,N00908,MEASURED_BY,数据结构,0.78
N00900,N00905,HAS_PROPERTY,数据结构,0.9
N00900,N00904,APPLIES_TO,数据结构,0.79
N00900,N00901,OPTIMIZED_BY,数据结构,0.8
N00913,N00919,HAS_PROPERTY,操作系统,0.9
N00913,N00916,HAS_PROPERTY,操作系统,0.9
N00913,N00920,USED_IN,操作系统,0.84
N00920,N00915,VERIFIED_BY,操作系统,0.78
N00913,N00921,MEASURED_BY,操作系统,0.78
N00913,N00918,HAS_PROPERTY,操作系统,0.9
N00913,N00917,APPLIES_TO,操作系统,0.79
N00913,N00914,OPTIMIZED_BY,操作系统,0.8
N00922,N00928,HAS_PROPERTY,计算机组成原理,0.9
N00922,N00925,HAS_PROPERTY,计算机组成原理,0.9
N00922,N00929,USED_IN,计算机组成原理,0.84
N00929,N00924,VERIFIED_BY,计算机组成原理,0.78
N00922,N00930,MEASURED_BY,计算机组成原理,0.78
N00922,N00927,HAS_PROPERTY,计算机组成原理,0.9
N00922,N00926,APPLIES_TO,计算机组成原理,0.79
N00922,N00923,OPTIMIZED_BY,计算机组成原理,0.8
N00937,N00943,HAS_PROPERTY,计算机组成原理,0.9
N00937,N00940,HAS_PROPERTY,计算机组成原理,0.9
N00937,N00944,USED_IN,计算机组成原理,0.84
N00944,N00939,VERIFIED_BY,计算机组成原理,0.78
N00937,N00945,MEASURED_BY,计算机组成原理,0.78
N00937,N00942,HAS_PROPERTY,计算机组成原理,0.9
N00937,N00941,APPLIES_TO,计算机组成原理,0.79
N00937,N00938,OPTIMIZED_BY,计算机组成原理,0.8
N00946,N00952,HAS_PROPERTY,操作系统,0.9
N00946,N00949,HAS_PROPERTY,操作系统,0.9
N00946,N00953,USED_IN,操作系统,0.84
N00953,N00948,VERIFIED_BY,操作系统,0.78
N00946,N00954,MEASURED_BY,操作系统,0.78
N00946,N00951,HAS_PROPERTY,操作系统,0.9
N00946,N00950,APPLIES_TO,操作系统,0.79
N00946,N00947,OPTIMIZED_BY,操作系统,0.8
N00955,N00961,HAS_PROPERTY,计算机组成原理,0.9
N00955,N00958,HAS_PROPERTY,计算机组成原理,0.9
N00955,N00962,USED_IN,计算机组成原理,0.84
N00962,N00957,VERIFIED_BY,计算机组成原理,0.78
N00955,N00963,MEASURED_BY,计算机组成原理,0.78
N00955,N00960,HAS_PROPERTY,计算机组成原理,0.9
N00955,N00959,APPLIES_TO,计算机组成原理,0.79
N00955,N00956,OPTIMIZED_BY,计算机组成原理,0.8
N00965,N00971,HAS_PROPERTY,计算机组成原理,0.9
N00965,N00968,HAS_PROPERTY,计算机组成原理,0.9
N00965,N00972,USED_IN,计算机组成原理,0.84
N00972,N00967,VERIFIED_BY,计算机组成原理,0.78
N00965,N00973,MEASURED_BY,计算机组成原理,0.78
N00965,N00970,HAS_PROPERTY,计算机组成原理,0.9
N00965,N00969,APPLIES_TO,计算机组成原理,0.79
N00965,N00966,OPTIMIZED_BY,计算机组成原理,0.8
N00977,N00983,HAS_PROPERTY,计算机组成原理,0.9
N00977,N00980,HAS_PROPERTY,计算机组成原理,0.9
N00977,N00984,USED_IN,计算机组成原理,0.84
N00984,N00979,VERIFIED_BY,计算机组成原理,0.78
N00977,N00985,MEASURED_BY,计算机组成原理,0.78
N00977,N00982,HAS_PROPERTY,计算机组成原理,0.9
N00977,N00981,APPLIES_TO,计算机组成原理,0.79
N00977,N00978,OPTIMIZED_BY,计算机组成原理,0.8
N00986,N00992,HAS_PROPERTY,计算机网络,0.9
N00986,N00989,HAS_PROPERTY,计算机网络,0.9
N00986,N00993,USED_IN,计算机网络,0.84
N00993,N00988,VERIFIED_BY,计算机网络,0.78
N00986,N00994,MEASURED_BY,计算机网络,0.78
N00986,N00991,HAS_PROPERTY,计算机网络,0.9
N00986,N00990,APPLIES_TO,计算机网络,0.79
N00986,N00987,OPTIMIZED_BY,计算机网络,0.8
N00995,N01001,HAS_PROPERTY,操作系统,0.9
N00995,N00998,HAS_PROPERTY,操作系统,0.9
N00995,N01002,USED_IN,操作系统,0.84
N01002,N00997,VERIFIED_BY,操作系统,0.78
N00995,N01003,MEASURED_BY,操作系统,0.78
N00995,N01000,HAS_PROPERTY,操作系统,0.9
N00995,N00999,APPLIES_TO,操作系统,0.79
N00995,N00996,OPTIMIZED_BY,操作系统,0.8
N01004,N01010,HAS_PROPERTY,数据结构|计算机网络,0.9
N01004,N01007,HAS_PROPERTY,数据结构|计算机网络,0.9
N01004,N01011,USED_IN,数据结构|计算机网络,0.84
N01011,N01006,VERIFIED_BY,数据结构|计算机网络,0.78
N01004,N01012,MEASURED_BY,数据结构|计算机网络,0.78
N01004,N01009,HAS_PROPERTY,数据结构|计算机网络,0.9
N01004,N01008,APPLIES_TO,数据结构|计算机网络,0.79
N01004,N01005,OPTIMIZED_BY,数据结构|计算机网络,0.8
N01013,N01019,HAS_PROPERTY,计算机组成原理,0.9
N01013,N01016,HAS_PROPERTY,计算机组成原理,0.9
N01013,N01020,USED_IN,计算机组成原理,0.84
N01020,N01015,VERIFIED_BY,计算机组成原理,0.78
N01013,N01021,MEASURED_BY,计算机组成原理,0.78
N01013,N01018,HAS_PROPERTY,计算机组成原理,0.9
N01013,N01017,APPLIES_TO,计算机组成原理,0.79
N01013,N01014,OPTIMIZED_BY,计算机组成原理,0.8
N01022,N01037,HAS_PROPERTY,操作系统,0.9
N01022,N01025,HAS_PROPERTY,操作系统,0.9
N01022,N01042,USED_IN,操作系统,0.84
N01042,N01024,VERIFIED_BY,操作系统,0.78
N01022,N01052,MEASURED_BY,操作系统,0.78
N01022,N01036,HAS_PROPERTY,操作系统,0.9
N01022,N01035,APPLIES_TO,操作系统,0.79
N01022,N01023,OPTIMIZED_BY,操作系统,0.8
N01026,N01032,HAS_PROPERTY,操作系统,0.9
N01026,N01029,HAS_PROPERTY,操作系统,0.9
N01026,N01033,USED_IN,操作系统,0.84
N01033,N01028,VERIFIED_BY,操作系统,0.78
N01026,N01034,MEASURED_BY,操作系统,0.78
N01026,N01031,HAS_PROPERTY,操作系统,0.9
N01026,N01030,APPLIES_TO,操作系统,0.79
N01026,N01027,OPTIMIZED_BY,操作系统,0.8
N01043,N01049,HAS_PROPERTY,操作系统,0.9
N01043,N01046,HAS_PROPERTY,操作系统,0.9
N01043,N01050,USED_IN,操作系统,0.84
N01050,N01045,VERIFIED_BY,操作系统,0.78
N01043,N01051,MEASURED_BY,操作系统,0.78
N01043,N01048,HAS_PROPERTY,操作系统,0.9
N01043,N01047,APPLIES_TO,操作系统,0.79
N01043,N01044,OPTIMIZED_BY,操作系统,0.8
N01054,N01060,HAS_PROPERTY,操作系统,0.9
N01054,N01057,HAS_PROPERTY,操作系统,0.9
N01054,N01061,USED_IN,操作系统,0.84
N01061,N01056,VERIFIED_BY,操作系统,0.78
N01054,N01062,MEASURED_BY,操作系统,0.78
N01054,N01059,HAS_PROPERTY,操作系统,0.9
N01054,N01058,APPLIES_TO,操作系统,0.79
N01054,N01055,OPTIMIZED_BY,操作系统,0.8
N01063,N01069,HAS_PROPERTY,数据结构,0.9
N01063,N01066,HAS_PROPERTY,数据结构,0.9
N01063,N01070,USED_IN,数据结构,0.84
N01070,N01065,VERIFIED_BY,数据结构,0.78
N01063,N01071,MEASURED_BY,数据结构,0.78
N01063,N01068,HAS_PROPERTY,数据结构,0.9
N01063,N01067,APPLIES_TO,数据结构,0.79
N01063,N01064,OPTIMIZED_BY,数据结构,0.8
N01072,N01078,HAS_PROPERTY,数据结构,0.9
N01072,N01075,HAS_PROPERTY,数据结构,0.9
N01072,N01079,USED_IN,数据结构,0.84
N01079,N01074,VERIFIED_BY,数据结构,0.78
N01072,N01080,MEASURED_BY,数据结构,0.78
N01072,N01077,HAS_PROPERTY,数据结构,0.9
N01072,N01076,APPLIES_TO,数据结构,0.79
N01072,N01073,OPTIMIZED_BY,数据结构,0.8
N01082,N01088,HAS_PROPERTY,操作系统,0.9
N01082,N01085,HAS_PROPERTY,操作系统,0.9
N01082,N01089,USED_IN,操作系统,0.84
N01089,N01084,VERIFIED_BY,操作系统,0.78
N01082,N01090,MEASURED_BY,操作系统,0.78
N01082,N01087,HAS_PROPERTY,操作系统,0.9
N01082,N01086,APPLIES_TO,操作系统,0.79
N01082,N01083,OPTIMIZED_BY,操作系统,0.8
N01091,N01097,HAS_PROPERTY,操作系统,0.9
N01091,N01094,HAS_PROPERTY,操作系统,0.9
N01091,N01098,USED_IN,操作系统,0.84
N01098,N01093,VERIFIED_BY,操作系统,0.78
N01091,N01099,MEASURED_BY,操作系统,0.78
N01091,N01096,HAS_PROPERTY,操作系统,0.9
N01091,N01095,APPLIES_TO,操作系统,0.79
N01091,N01092,OPTIMIZED_BY,操作系统,0.8
N01100,N01106,HAS_PROPERTY,数据结构,0.9
N01100,N01103,HAS_PROPERTY,数据结构,0.9
N01100,N01107,USED_IN,数据结构,0.84
N01107,N01102,VERIFIED_BY,数据结构,0.78
N01100,N01108,MEASURED_BY,数据结构,0.78
N01100,N01105,HAS_PROPERTY,数据结构,0.9
N01100,N01104,APPLIES_TO,数据结构,0.79
N01100,N01101,OPTIMIZED_BY,数据结构,0.8
N01109,N01115,HAS_PROPERTY,数据结构,0.9
N01109,N01112,HAS_PROPERTY,数据结构,0.9
N01109,N01116,USED_IN,数据结构,0.84
N01116,N01111,VERIFIED_BY,数据结构,0.78
N01109,N01117,MEASURED_BY,数据结构,0.78
N01109,N01114,HAS_PROPERTY,数据结构,0.9
N01109,N01113,APPLIES_TO,数据结构,0.79
N01109,N01110,OPTIMIZED_BY,数据结构,0.8
N01118,N01124,HAS_PROPERTY,计算机组成原理,0.9
N01118,N01121,HAS_PROPERTY,计算机组成原理,0.9
N01118,N01125,USED_IN,计算机组成原理,0.84
N01125,N01120,VERIFIED_BY,计算机组成原理,0.78
N01118,N01126,MEASURED_BY,计算机组成原理,0.78
N01118,N01123,HAS_PROPERTY,计算机组成原理,0.9
N01118,N01122,APPLIES_TO,计算机组成原理,0.79
N01118,N01119,OPTIMIZED_BY,计算机组成原理,0.8
N00287,N00290,HAS_SUB,计算机网络,0.95
N00290,N00289,HAS_METHOD,计算机网络,0.92
N00289,N00288,APPLIES_TO,计算机网络,0.79
N00310,N00313,HAS_SUB,操作系统,0.95
N00313,N00312,HAS_METHOD,操作系统,0.92
N00312,N00311,APPLIES_TO,操作系统,0.79
N00456,N00459,HAS_SUB,计算机组成原理,0.95
N00459,N00458,HAS_METHOD,计算机组成原理,0.92
N00458,N00457,APPLIES_TO,计算机组成原理,0.79
N00518,N00522,HAS_SUB,计算机网络,0.95
N00522,N00521,HAS_METHOD,计算机网络,0.92
N00521,N00519,APPLIES_TO,计算机网络,0.79
N00634,N00637,HAS_SUB,计算机组成原理,0.95
N00637,N00636,HAS_METHOD,计算机组成原理,0.92
N00636,N00635,APPLIES_TO,计算机组成原理,0.79
N00703,N00706,HAS_SUB,计算机组成原理,0.95
N00706,N00705,HAS_METHOD,计算机组成原理,0.92
N00705,N00704,APPLIES_TO,计算机组成原理,0.79
N00707,N00719,HAS_SUB,操作系统,0.95
N00719,N00717,HAS_METHOD,操作系统,0.92
N00717,N00711,APPLIES_TO,操作系统,0.79
N00778,N00781,HAS_SUB,数据结构,0.95
N00781,N00780,HAS_METHOD,数据结构,0.92
N00780,N00779,APPLIES_TO,数据结构,0.79
N00791,N00794,HAS_SUB,数据结构,0.95
N00794,N00793,HAS_METHOD,数据结构,0.92
N00793,N00792,APPLIES_TO,数据结构,0.79
N00804,N00816,HAS_SUB,计算机组成原理,0.95
N00816,N00815,HAS_METHOD,计算机组成原理,0.92
N00815,N00814,APPLIES_TO,计算机组成原理,0.79
N00909,N00912,HAS_SUB,数据结构,0.95
N00912,N00911,HAS_METHOD,数据结构,0.92
N00911,N00910,APPLIES_TO,数据结构,0.79
N00933,N00936,HAS_SUB,计算机网络,0.95
N00936,N00935,HAS_METHOD,计算机网络,0.92
N00935,N00934,APPLIES_TO,计算机网络,0.79
N01038,N01041,HAS_SUB,操作系统,0.95
N01041,N01040,HAS_METHOD,操作系统,0.92
N01040,N01039,APPLIES_TO,操作系统,0.79